{"count":1,"self":4.1952836,"total":17.5055685,"children":{"InitializeActuators":{"count":12,"self":0.0010073999999999999,"total":0.0010073999999999999,"children":null},"InitializeSensors":{"count":12,"self":0.0011147,"total":0.0011147,"children":null},"AgentSendState":{"count":4234,"self":0.052336099999999997,"total":0.21450819999999998,"children":{"CollectObservations":{"count":10164,"self":0.0177657,"total":0.0177657,"children":null},"WriteActionMask":{"count":10164,"self":0.0038074999999999997,"total":0.0038074999999999997,"children":null},"RequestDecision":{"count":10164,"self":0.0527954,"total":0.1405989,"children":{"AgentInfo.ToProto":{"count":10164,"self":0.0282258,"total":0.087803499999999993,"children":{"GenerateSensorData":{"count":10164,"self":0.0595777,"total":0.0595777,"children":null}}}}}}},"DecideAction":{"count":4234,"self":12.864531999999999,"total":12.8645319,"children":null},"AgentAct":{"count":4234,"self":0.2223953,"total":0.2291228,"children":{"AgentInfo.ToProto":{"count":443,"self":0.0036079,"total":0.0067275,"children":{"GenerateSensorData":{"count":443,"self":0.0031195999999999997,"total":0.0031195999999999997,"children":null}}}}}},"gauges":{"3DBall.CumulativeReward":{"count":443,"max":4.19999743,"min":0.200000167,"runningAverage":1.24356747,"value":0.9000002,"weightedAverage":1.24605691}},"metadata":{"timer_format_version":"0.1.0","start_time_seconds":"1696500297","unity_version":"2021.3.16f1","command_line_arguments":"C:\\Program Files\\Unity\\Hub\\Editor\\2021.3.16f1\\Editor\\Unity.exe -projectpath C:\\My project -useHub -hubIPC -cloudEnvironment production","communication_protocol_version":"1.5.0","com.unity.ml-agents_version":"2.3.0-exp.3","scene_name":"3DBall","end_time_seconds":"1696500314"}}