{"count":1,"self":12689.5398912,"total":159796.7932766,"children":{"InitializeActuators":{"count":64,"self":0.0045252,"total":0.0045252,"children":null},"InitializeSensors":{"count":64,"self":0.0019992,"total":0.0019992,"children":null},"AgentSendState":{"count":1097901,"self":117.2565504,"total":7719.5800629999994,"children":{"CollectObservations":{"count":14053184,"self":436.352512,"total":436.35252879999996,"children":null},"WriteActionMask":{"count":14053184,"self":9.173025599999999,"total":9.1730255,"children":null},"RequestDecision":{"count":14053184,"self":61.811232,"total":7156.7979621999993,"children":{"AgentInfo.ToProto":{"count":14053184,"self":64.284928,"total":7094.9867328,"children":{"GenerateSensorData":{"count":14053184,"self":7030.70208,"total":7030.7018056,"children":null}}}}}}},"DecideAction":{"count":1097901,"self":136556.14423039998,"total":136556.1452176,"children":null},"AgentAct":{"count":1097901,"self":1371.0454783999999,"total":1375.0501715,"children":{"AgentInfo.ToProto":{"count":8115,"self":0.0635329,"total":4.0046666,"children":{"GenerateSensorData":{"count":8115,"self":3.9411335999999997,"total":3.9411337,"children":null}}}}},"AgentInfo.ToProto":{"count":2829047,"self":23.6589024,"total":1456.1630524,"children":{"GenerateSensorData":{"count":2829047,"self":1432.5041152,"total":1432.5041500999998,"children":null}}}},"gauges":{"Pitching.CumulativeReward":{"count":2837162,"max":35.6629562,"min":-68,"runningAverage":3.16522717,"value":-3.41457582,"weightedAverage":-2.94622874}},"metadata":{"timer_format_version":"0.1.0","start_time_seconds":"1702955532","unity_version":"2021.3.16f1","command_line_arguments":"C:\\Program Files\\Unity\\Hub\\Editor\\2021.3.16f1\\Editor\\Unity.exe -projectpath C:\\PitchingA.I -useHub -hubIPC -cloudEnvironment production","communication_protocol_version":"1.5.0","com.unity.ml-agents_version":"2.3.0-exp.3","scene_name":"PitchingScene","end_time_seconds":"1703115311"}}